"0","contraste_medias_varianza_igual<-function(x,y,sig_lvl){gpa_colgpa_athY<- x[y== ""TRUE""]"
"0","gpa_colgpa_athN<- x[y== ""FALSE""]"
"0","var_test<-var.test(gpa_colgpa_athY, gpa_colgpa_athN, alternative = ""two.sided"",conf.level = (1-sig_lvl))"
"0",""
"0","if (var_test$p.value>sig_lvl){print(""Yes, pvalue is higher than significance level.Hence we cant reject the null hipothesis. Therefore, both variance are equal"")}else{print(""No, we can reject null hipothesis. Both variance are not equal"")}"
"0",""
"0","t_v2_contraste<-(mean(gpa_colgpa_athY)-mean(gpa_colgpa_athN))/((sqrt((((length(gpa_colgpa_athY)-1)*(sd(gpa_colgpa_athY))^2)+((length(gpa_colgpa_athN)-1)*(sd(gpa_colgpa_athN))^2))/(length(gpa_colgpa_athY)+length(gpa_colgpa_athN)-2)))*sqrt((1/length(gpa_colgpa_athY)+1/length(gpa_colgpa_athN))))"
"0","gl_df<-length(gpa_colgpa_athY)+length(gpa_colgpa_athN)-2"
"0","pv_v2<-2*pt(t_v2_contraste,df=gl_df)"
"0","valor_critico_sup<-qt(c(sig_lvl/2),df=gl_df,lower.tail=FALSE)"
"0","valor_critico_inf<-qt(c(sig_lvl/2),df=gl_df,lower.tail=TRUE)"
"0","return(c(T_contrste=t_v2_contraste,grados_libertd=gl_df,val_critco_sup=valor_critico_sup, valor_critco_inf=valor_critico_inf,pvalue=pv_v2))}"
