"0","contraste_medias_varianza_NO_iguales<-function(x,y,sig_lvl){gpa_colgpa_athY<- x[y== ""TRUE""]"
"0","gpa_colgpa_athN<- x[y== ""FALSE""]"
"0","var_test<-var.test(gpa_colgpa_athY, gpa_colgpa_athN, alternative = ""two.sided"",conf.level = (1-sig_lvl))"
"0",""
"0","t_v2_contraste<-(mean(gpa_colgpa_athY)-mean(gpa_colgpa_athN))/(sqrt(((sd(gpa_colgpa_athY))^2/length(gpa_colgpa_athY))+((sd(gpa_colgpa_athN))^2)/(length(gpa_colgpa_athN))))"
"0",""
"0","gl_df<-((sd(gpa_colgpa_athN)^2/length(gpa_colgpa_athN)+sd(gpa_colgpa_athY)^2/length(gpa_colgpa_athY))^2)/(((sd(gpa_colgpa_athN)^2/length(gpa_colgpa_athN))^2/(length(gpa_colgpa_athN)-1))+((sd(gpa_colgpa_athY)^2/length(gpa_colgpa_athY))^2/(length(gpa_colgpa_athY)-1)))"
"0",""
"0","pv_v2<-2*pt(t_v2_contraste,df=gl_df)"
"0","valor_critico_sup<-qt(c(sig_lvl/2),df=gl_df,lower.tail=FALSE)"
"0","valor_critico_inf<-qt(c(sig_lvl/2),df=gl_df,lower.tail=TRUE)"
"0","return(c(T_contrste=t_v2_contraste,grados_libertd=gl_df,val_critco_sup=valor_critico_sup, valor_critco_inf=valor_critico_inf,pvalue=pv_v2))}"
