{"chunk_definitions":[{"row":8,"row_count":1,"visible":true,"expansion_state":0,"options":{"engine":"r","label":"setup","include":false},"document_id":"BE8F9A32","chunk_id":"csetup_chunk","chunk_label":"setup"},{"row":144,"row_count":1,"visible":true,"expansion_state":0,"options":{"engine":"r","label":"gpa"},"document_id":"BE8F9A32","chunk_id":"c81z2z30rhcjm","chunk_label":"gpa"},{"row":244,"row_count":1,"visible":true,"expansion_state":0,"options":{"engine":"r","label":"gpa"},"document_id":"BE8F9A32","chunk_id":"cqum59e1axm3y","chunk_label":"gpa"},{"row":273,"row_count":1,"visible":true,"expansion_state":0,"options":{"engine":"r","label":"gpa"},"document_id":"BE8F9A32","chunk_id":"cf6ksfhiauxqu","chunk_label":"gpa"},{"row":308,"row_count":1,"visible":true,"expansion_state":0,"options":{"engine":"r","label":"gpa"},"document_id":"BE8F9A32","chunk_id":"c6yd2pz49pkvd","chunk_label":"gpa"},{"row":317,"row_count":1,"visible":true,"expansion_state":0,"options":{"engine":"r","label":"gpa"},"document_id":"BE8F9A32","chunk_id":"cg4p5cqlk8rjk","chunk_label":"gpa"},{"row":336,"row_count":1,"visible":true,"expansion_state":0,"options":{"engine":"r","label":"gpa"},"document_id":"BE8F9A32","chunk_id":"cfhxqmdily5q0","chunk_label":"gpa"},{"row":341,"row_count":1,"visible":true,"expansion_state":0,"options":{"engine":"r","label":"gpa"},"document_id":"BE8F9A32","chunk_id":"cnxh39uvwg7rr","chunk_label":"gpa"}],"doc_write_time":1669975292,"working_dir":null,"default_chunk_options":{"echo":true}}